{
  "name": "socket.io-client",
  "version": "1.4.8",
  "homepage": "https://github.com/shSina/socket.io-client",
  "authors": [
    "shSina <sina.sharafzadeh@gmail.com>"
  ],
  "description": "socket.io-client bower compatible",
  "main": "socket.io.js",
  "keywords": [
    "socket.io-client",
    "socket.io",
    "socketio-client"
  ],
  "license": "MIT",
  "ignore": [
    "**/.*",
    "node_modules",
    "bower_components",
    "test",
    "tests"
  ],
  "_release": "1.4.8",
  "_resolution": {
    "type": "version",
    "tag": "1.4.8",
    "commit": "cf157a825753d686e4cfed4acdac01755135661e"
  },
  "_source": "https://github.com/shSina/socket.io-client.git",
  "_target": "*",
  "_originalSource": "sio-client"
}